keys,en,tr
Runner down!,Runner down!,Runner düştü!
Runner escaped!,Runner escaped!,Runner kaçtı!
Lives: %d,Lives: %d,Can: %d
Cost %d,Cost %d,Maliyet %d
Retry,Retry,Tekrar
Next,Next,Sonraki
Levels,Levels,Bölümler
Locked,Locked,Kilitli
Pit,Pit,Çukur
Wall,Wall,Duvar
Saw,Saw,Testere
Slippery,Slippery,Kaygan
Basic Runner,Basic Runner,Acemi Runner
Fast Runner,Fast Runner,Hızlı Runner
Jumper,Jumper,Zıplayan Runner
Pro Runner,Pro Runner,Pro Runner
Level 1,Level 1,Bölüm 1
Level 2,Level 2,Bölüm 2
Level 3,Level 3,Bölüm 3
Level 4,Level 4,Bölüm 4
Level 5,Level 5,Bölüm 5
Level 6,Level 6,Bölüm 6
Level 7,Level 7,Bölüm 7
Level 8,Level 8,Bölüm 8
Level 9,Level 9,Bölüm 9
Level 10,Level 10,Bölüm 10
Combo! +%d,Combo! +%d,Kombo! +%d
Sound On,Sound On,Ses Açık
Sound Off,Sound Off,Ses Kapalı
Watch ad: runner -1 life,Watch ad: runner -1 life,Reklam izle: runner -1 can
Retry: runner -1 life,Retry: runner -1 life,Tekrar: runner -1 can
Privacy,Privacy,Gizlilik
Paused,Paused,Duraklatıldı
Resume,Resume,Devam
Restart,Restart,Yeniden başla
